plays,win%
1,0.0
10,0.8
100,0.77
1000,0.745
10000,0.7421
100000,0.73991
1000000,0.740949
