plays,win%
1,1.0
10,0.7
100,0.43
1000,0.361
10000,0.3667
100000,0.36977
1000000,0.369856
